{"loss": [56063.5869140625], "mean_absolute_error": [272.10024642944336], "mean_q": [-270.4974754601717], "episode_reward": [-48171.57142857143], "nb_episode_steps": [503], "nb_steps": [503], "episode": [0], "duration": [21.849920976001158]}