{"loss": [49.442674001057945, 42.08637619018555, 11.775334358215332], "mean_absolute_error": [9.944016774495443, 9.131376266479492, 3.5501770973205566], "mean_q": [-0.09291384865840276, -0.8538925647735596, -7.31396484375], "episode_reward": [-1000.0, -120.0, -400.0], "nb_episode_steps": [104, 15, 42], "nb_steps": [104, 119, 161], "episode": [0, 1, 2], "duration": [5.174572627001908, 5.2930773139996745, 12.709841844000039]}